DeptID,DeptName,Location
1,Finance,New York
2,Human Resources,Los Angeles
3,Sales,Chicago
4,Operations,Houston
5,IT,San Francisco
6,Marketing,Boston
7,Customer Support,Seattle
8,Research & Development,Austin
9,Procurement,Denver
10,Legal,Washington D.C.
11,Administration,Atlanta
12,Quality Assurance,Phoenix
13,Logistics,Dallas
14,Public Relations,Miami
15,Product Management,San Diego
16,Engineering,San Jose
17,Accounting,Philadelphia
18,Risk Management,Minneapolis
19,Compliance,Portland
20,Training & Development,Charlotte
21,Security,Las Vegas
22,Facilities,Detroit
23,Business Development,Orlando
24,Media & Communications,Sacramento
25,Strategy & Planning,Baltimore
26,Innovation,Raleigh
27,Corporate Social Responsibility,Nashville
28,Data Analytics,Pittsburgh
29,Customer Experience,Tampa
30,Investor Relations,Indianapolis
31,Brand Management,Cincinnati
32,Operations Support,St. Louis
33,Supply Chain,Kansas City
34,Talent Acquisition,Cleveland
35,Internal Audit,Sacramento
36,Event Management,Jacksonville
37,Sustainability,Oakland
38,Design,San Antonio
39,Manufacturing,Louisville
40,Export & Import,Hartford
41,eCommerce,Columbus
42,Procurement Strategy,Richmond
43,Digital Transformation,Tampa
44,Technical Support,Providence
45,Payroll,New Orleans
46,Corporate Communications,Salt Lake City
47,Software Development,Raleigh
48,Performance Management,Sacramento
49,Partner Relations,Orlando
50,Executive Office,Washington D.C.
51,Cloud Services,Seattle
52,Mobile Development,San Francisco
53,Network Operations,Atlanta
54,Cybersecurity,Boston
55,AI & Machine Learning,Austin
56,Robotics,Detroit
57,Data Science,New York
58,Customer Insights,Chicago
59,Content & Media,Los Angeles
60,Technical Operations,Houston
61,Field Services,Phoenix
62,Cloud Architecture,San Jose
63,App Development,Orlando
64,Procurement Analytics,Denver
65,Risk Analytics,Minneapolis
66,Innovation Lab,Raleigh
67,Knowledge Management,Philadelphia
68,Strategic Sourcing,Dallas
69,UX/UI Design,San Diego
70,Corporate Strategy,Washington D.C.
71,Sustainability Initiatives,Portland
72,Government Relations,Sacramento
73,Enterprise Architecture,Salt Lake City
74,eLearning,Charlotte
75,Technical Writing,Miami
76,Customer Retention,Tampa
77,Brand Strategy,New Orleans
78,Digital Marketing,Baltimore
79,Cloud Security,San Antonio
80,API Development,Raleigh
81,Customer Success,Phoenix
82,Innovation Strategy,Atlanta
83,Business Intelligence,Boston
84,Product Innovation,San Francisco
85,IT Governance,Seattle
86,Vendor Management,Denver
87,Operations Excellence,Chicago
88,Market Research,Los Angeles
89,Customer Training,Orlando
90,Digital Transformation,Houston
91,Enterprise Projects,Philadelphia
92,Strategic Partnerships,Austin
93,Performance Analytics,Tampa
94,Innovation Hub,San Jose
95,Business Continuity,Washington D.C.
96,Technical Architecture,Boston
97,Emerging Technologies,San Diego
98,Corporate Projects,New York
99,Process Improvement,Dallas
100,Analytics & Insights,Chicago
101,Cloud Infrastructure,Seattle
102,Mobile Platforms,San Francisco
103,Network Security,Atlanta
104,Cyber Risk,Boston
105,AI Research,Austin
106,Robotics Engineering,Detroit
107,Data Engineering,New York
108,Customer Analytics,Chicago
109,Content Strategy,Los Angeles
110,Technical Support Ops,Houston
111,Field Operations,Phoenix
112,Cloud Solutions Architecture,San Jose
113,App Platform Development,Orlando
114,Procurement Operations,Denver
115,Risk & Compliance Analytics,Minneapolis
116,Innovation & Design Lab,Raleigh
117,Knowledge Services,Philadelphia
118,Strategic Sourcing Solutions,Dallas
119,UX Research & Design,San Diego
120,Corporate Planning,Washington D.C.
121,Sustainability Programs,Portland
122,Government Affairs,Sacramento
123,Enterprise Architecture,Salt Lake City
124,Learning & Development,Charlotte
125,Technical Documentation,Miami
126,Customer Retention Programs,Tampa
127,Brand Communications,New Orleans
128,Digital Campaigns,Baltimore
129,Cloud Security Solutions,San Antonio
130,API Integration,Raleigh
131,Customer Success Management,Phoenix
132,Innovation Strategy Office,Atlanta
133,Business Intelligence Systems,Boston
134,Product Research & Innovation,San Francisco
135,IT Risk & Governance,Seattle
136,Vendor & Supplier Relations,Denver
137,Operational Excellence,Chicago
138,Market Intelligence,Los Angeles
139,Customer Education,Orlando
140,Digital Innovation,Houston
141,Enterprise Program Management,Philadelphia
142,Strategic Alliances,Austin
143,Performance Monitoring,Tampa
144,Innovation Hub Programs,San Jose
145,Business Continuity Planning,Washington D.C.
146,IT Architecture,Boston
147,Emerging Tech Solutions,San Diego
148,Corporate Programs,New York
149,Process Optimization,Dallas
150,Analytics & Insights Center,Chicago
151,Cloud Operations,Seattle
152,Mobile Solutions,San Francisco
153,Network Architecture,Atlanta
154,Cybersecurity Operations,Boston
155,AI & Deep Learning,Austin
156,Robotics Lab,Detroit
157,Data Platform,New York
158,Customer Intelligence,Chicago
159,Media Production,Los Angeles
160,Tech Ops,Houston
161,Field Services Management,Phoenix
162,Cloud Strategy,San Jose
163,App Development Lab,Orlando
164,Procurement Management,Denver
165,Risk Assessment,Minneapolis
166,Innovation Strategy Lab,Raleigh
167,Knowledge & Research,Philadelphia
168,Strategic Sourcing Analytics,Dallas
169,UX/UI Lab,San Diego
170,Corporate Strategy Office,Washington D.C.
171,Environmental Programs,Portland
172,Government Liaison,Sacramento
173,Enterprise Solutions,Salt Lake City
174,Training Programs,Charlotte
175,Technical Content,Miami
176,Customer Loyalty Programs,Tampa
177,Brand Communications Office,New Orleans
178,Digital Marketing Strategy,Baltimore
179,Cloud Risk Management,San Antonio
180,API Strategy,Raleigh
181,Customer Experience Office,Phoenix
182,Innovation & Design Programs,Atlanta
183,Business Intelligence Office,Boston
184,Product Design & Innovation,San Francisco
185,IT Governance & Risk,Seattle
186,Vendor Relations Office,Denver
187,Operations Optimization,Chicago
188,Market Analysis,Los Angeles
189,Customer Training Programs,Orlando
190,Digital Transformation Office,Houston
191,Enterprise Program Office,Philadelphia
192,Strategic Partnerships Office,Austin
193,Performance Management,Tampa
194,Innovation & Research Hub,San Jose
195,Business Continuity Office,Washington D.C.
196,Technical Architecture Office,Boston
197,Emerging Technologies Lab,San Diego
198,Corporate Projects Office,New York
199,Process Improvement Office,Dallas
200,Analytics & Insights Division,Chicago
201,Cloud Platform Services,Seattle
202,Mobile Platform Engineering,San Francisco
203,Network Security Operations,Atlanta
204,Cyber Risk Management,Boston
205,AI Research Lab,Austin
206,Robotics Development,Detroit
207,Data Analytics Platform,New York
208,Customer Behavior Insights,Chicago
209,Media & Production,Los Angeles
210,Technical Operations Center,Houston
211,Field Operations Support,Phoenix
212,Cloud Architecture Lab,San Jose
213,App Innovation Lab,Orlando
214,Procurement Strategy & Ops,Denver
215,Risk & Compliance Solutions,Minneapolis
216,Innovation & Strategy Office,Raleigh
217,Knowledge & Insights Center,Philadelphia
218,Strategic Sourcing Office,Dallas
219,UX/UI Experience Lab,San Diego
220,Corporate Strategy & Planning,Washington D.C.
221,Environmental Sustainability,Portland
222,Government Affairs Office,Sacramento
223,Enterprise Solutions Lab,Salt Lake City
224,Learning & Development Programs,Charlotte
225,Technical Writing & Documentation,Miami
226,Customer Loyalty & Retention,Tampa
227,Brand Communications Division,New Orleans
228,Digital Campaigns Lab,Baltimore
229,Cloud Security Engineering,San Antonio
230,API Development & Strategy,Raleigh
231,Customer Success Programs,Phoenix
232,Innovation Programs Office,Atlanta
233,Business Intelligence Lab,Boston
234,Product Innovation Lab,San Francisco
235,IT Governance & Compliance,Seattle
236,Vendor & Supplier Relations Lab,Denver
237,Operations Excellence Office,Chicago
238,Market Research Lab,Los Angeles
239,Customer Education Programs,Orlando
240,Digital Innovation Office,Houston
241,Enterprise Program Management,Philadelphia
242,Strategic Alliances Lab,Austin
243,Performance Analytics Lab,Tampa
244,Innovation Hub Programs,San Jose
245,Business Continuity Lab,Washington D.C.
246,IT Architecture Office,Boston
247,Emerging Technology Lab,San Diego
248,Corporate Projects Division,New York
249,Process Optimization Lab,Dallas
250,Analytics & Insights Center,Chicago
251,Cloud Infrastructure Lab,Seattle
252,Mobile Application Services,San Francisco
253,Network Operations Center,Atlanta
254,Cybersecurity Strategy,Boston
255,AI & Cognitive Computing,Austin
256,Robotics Systems,Detroit
257,Data Platform Engineering,New York
258,Customer Insights Lab,Chicago
259,Media Strategy & Production,Los Angeles
260,Technical Operations Support,Houston
261,Field Service Operations,Phoenix
262,Cloud Solutions Lab,San Jose
263,App Platform Strategy,Orlando
264,Procurement & Supply Chain,Denver
265,Risk & Compliance Office,Minneapolis
266,Innovation & Design Lab,Raleigh
267,Knowledge Management Lab,Philadelphia
268,Strategic Sourcing Lab,Dallas
269,UX/UI Design Center,San Diego
270,Corporate Planning & Strategy,Washington D.C.
271,Environmental Programs Office,Portland
272,Government Liaison Office,Sacramento
273,Enterprise Solutions Lab,Salt Lake City
274,Training & Development Lab,Charlotte
275,Technical Documentation Lab,Miami
276,Customer Retention & Loyalty,Tampa
277,Brand Management & Communications,New Orleans
278,Digital Marketing Lab,Baltimore
279,Cloud Security Lab,San Antonio
280,API Strategy & Development,Raleigh
281,Customer Success Lab,Phoenix
282,Innovation Strategy Office,Atlanta
283,Business Intelligence Lab,Boston
284,Product Research Lab,San Francisco
285,IT Governance Office,Seattle
286,Vendor Relations Lab,Denver
287,Operations Optimization Lab,Chicago
288,Market Research Lab,Los Angeles
289,Customer Education Lab,Orlando
290,Digital Transformation Lab,Houston
291,Enterprise Program Office,Philadelphia
292,Strategic Alliances Lab,Austin
293,Performance Analytics Lab,Tampa
294,Innovation Hub Lab,San Jose
295,Business Continuity Lab,Washington D.C.
296,IT Architecture Lab,Boston
297,Emerging Tech Lab,San Diego
298,Corporate Projects Lab,New York
299,Process Improvement Lab,Dallas
300,Analytics & Insights Lab,Chicago